IN	SPEAKER	TRANSCRIPT
00:00:00.708	SPEAKER_02	Okay, gut.
00:00:02.430	SPEAKER_02	Jetzt müsste ich es eigentlich aufnehmen.
00:00:03.750	SPEAKER_02	Genau, Hermann, es geht darum, dass wir nochmal genauer die Zeit um die Frauenstraße 24, also 70er, 80er Jahre in Münster etwas genauer beleuchten,
00:00:15.517	SPEAKER_02	aber vorab.
00:00:18.551	SPEAKER_02	Wäre es schön, wenn du auch nochmal deine Lebensgeschichte erzählst.
00:00:21.657	SPEAKER_02	Wo kommst du her?
00:00:22.498	SPEAKER_02	Aus welchen Verhältnissen stammst du?
00:00:25.041	SPEAKER_02	Und wie bist du nach Münster gekommen?
00:00:27.144	SPEAKER_02	Ja, und dann kommen wir auch irgendwann zur Frauenstraße nochmal.
00:00:29.667	SPEAKER_02	Wie bist du in Kontakt dazu gekommen?
00:00:32.531	SPEAKER_02	Aber vielleicht fängst du einfach mal an zu erzählen, was dir wichtig ist.
00:00:36.914	SPEAKER_03	Ja, also ich bin geboren worden in Kloster Oesere.
00:00:41.354	SPEAKER_03	Das ist ein kleines Dorf mit 4.000 bis 5.000 Einwohnern, zwölf Kilometer südlich von Osnabrück.
00:00:51.219	SPEAKER_03	Das ist eine sehr, sehr katholische Ecke.
00:00:56.383	SPEAKER_03	Das illustriert ganz gut das Wahlergebnis bei Kommunalwahlen.
00:01:00.746	SPEAKER_03	Da gewinnt die CDU oder gewann jedenfalls zu meiner Zeit 60 bis 70 Prozent der Stimmen.
00:01:08.652	SPEAKER_03	Also das ist eine sehr, sehr katholische Ecke.
00:01:14.055	SPEAKER_03	Der Name legt es ja auch nahe, ein katholisches Kloster.
00:01:19.200	SPEAKER_03	Das jetzt nur noch existiert mit zwei Nonnen.
00:01:25.984	SPEAKER_03	Es ist kein aktives oder kein lebendiges Kloster mehr.
00:01:30.947	SPEAKER_03	Und diese beiden Nonnen, die jetzt noch dort sind, das sind auch zwei Nonnen, die kommen aus Indien.
00:01:37.311	SPEAKER_03	Das ist also etwas sehr Fremdes in diesem Dorf.
00:01:41.114	SPEAKER_02	In welchem Jahr bist du gekommen?
00:01:42.781	SPEAKER_03	Ich bin im Jahr 1949 geboren worden, das ist am 31. März, also ich bin jetzt 72 Jahre alt.
00:01:52.906	SPEAKER_03	Und ganz in der Nähe von Kloster Oesede liegt Georgs Marienhütte.
00:02:01.210	SPEAKER_03	Und in Gierksmarienhütte gab es ein Stahlwerk von Klöckner.
00:02:07.415	SPEAKER_03	Dieses Stahlwerk ist dort gebaut worden, weil es ganz in der Nähe im Teutoburger Wald Erzvorkommen gab.
00:02:14.320	SPEAKER_03	Und diese Erzvorkommen wurden dann halt genutzt zur Stahlproduktion.
00:02:19.284	SPEAKER_03	Und die meisten Bewohner in Kloster Oeselte arbeiteten bei Klöckner.
00:02:26.128	SPEAKER_03	Mein Vater auch und meine Brüder.
00:02:28.830	SPEAKER_03	Ich habe drei Brüder und von diesen drei Brüdern arbeiteten auch zwei bei Klöckner.
00:02:35.191	SPEAKER_03	Mein Vater war Schlosser, Schmied.
00:02:38.731	SPEAKER_03	Der ist 1912 geboren worden und hat den Zweiten Weltkrieg mitgemacht, war in Griechenland.
00:02:50.765	SPEAKER_03	Und kam wieder als Schwerkriegsbeschädigter.
00:02:54.688	SPEAKER_03	Der hatte eine Malaria sich in Griechenland gefangen und eine Hirnhautentzündung im Folge der Malaria.
00:03:05.637	SPEAKER_03	Der hat dann zunächst noch bei Klöckner gearbeitet, wenige Jahre, als Schmiedschlosser.
00:03:14.489	SPEAKER_03	Lag ja auch nahe, und dann konnte er diese Aufgaben nicht mehr erfüllen und wurde, wie das so schön hieß damals, was ich immer sehr abwertend fand,
00:03:28.854	SPEAKER_03	Budenwärter.
00:03:32.344	SPEAKER_03	Budenwärter waren Menschen, die die Pausen der Arbeiterschaft gestalteten.
00:03:43.437	SPEAKER_03	Das heißt, die mussten Kaffee kochen und mussten die Bude sauber halten.
00:03:50.163	SPEAKER_03	Und das hat mein Vater bis 1956 gemacht.
00:03:55.332	SPEAKER_03	Da war ich also sieben Jahre alt und dann ist er ganz ausgeschieden.
00:04:01.274	SPEAKER_03	Der konnte also gar nicht mehr arbeiten, weil sein Sprachvermögen ließ nach, seine rechtseitige Lähmung, die auch in der Folge dieser Hirnhautentzündung aufgetreten war,
00:04:17.378	SPEAKER_03	verstärkte sich.
00:04:19.038	SPEAKER_03	Also der war nicht mehr in der Lage, auch diese einfachen Arbeiten zu verrichten und der wurde dann Rentner.
00:04:26.379	SPEAKER_03	Und das war natürlich für uns alle eine schwierige Situation, weil mein Vater, das ist auch glaube ich typisch für diese Generation,
00:04:43.237	SPEAKER_03	hatte zwei Väter.
00:04:47.341	SPEAKER_03	Der eine Vater war gestorben, dann heiratete die Frau, die übrig blieb, den Bruder seines Vaters.
00:04:55.783	SPEAKER_03	Das ist auf dem Dorf ganz normal.
00:04:59.084	SPEAKER_03	Also mein Vater hat insofern keine so leichte Kindheit gehabt und kam dann praktisch mit 37 aus dem Zweiten Weltkrieg wieder zurück und war Und war ein kranker Mann,
00:05:20.088	SPEAKER_03	der durch den Faschismus die Spuren an seinem eigenen Körper trug, dieses Faschismus.
00:05:34.399	SPEAKER_03	Ja, das hat natürlich unsere Familie gerade zu der Zeit sehr geprägt, weil meine Mutter hatte gegen meinen Vater einen Hausbau durchgesetzt.
00:05:45.548	SPEAKER_03	Das gab es damals in der Nachkriegszeit, war das auch etwas...
00:05:50.913	SPEAKER_03	Auf dem Dorf auch etwas ganz Übliches, das danach gestrebt wurde, ein eigenes Haus zu haben, weil Mietwohnungen gab es sowieso nicht und also wurde ein Haus gebaut.
00:06:02.822	SPEAKER_03	Es gab ja auch eine Förderung dafür und die hat meine Mutter genutzt und hat diesen Hausbau gegen meinen Vater durchgesetzt,
00:06:10.404	SPEAKER_03	was wir alle beobachtet haben, diesen Konflikt, weil mein Vater hatte eben sehr viel Angst, das finanziell letztendlich nicht stemmen zu können.
00:06:20.853	SPEAKER_03	Wobei er für seine Verhältnisse eine üppige Rente bekam.
00:06:28.779	SPEAKER_02	Deine Mutter war nicht berufstätig?
00:06:30.380	SPEAKER_03	Nein, die war nicht berufstätig.
00:06:32.302	SPEAKER_03	Das ging auch gar nicht bei vier Kindern.
00:06:37.105	SPEAKER_03	Meine Brüder sind, mein zweitältester Bruder ist Maurer, mein ältester Bruder ist Rangierer gewesen bei der Werksbahn bei Klöckner und der drittjüngste war einfacher Beamter bei der Bundesbahn.
00:06:56.596	SPEAKER_03	Und ich stand dann Anfang der 60er Jahre, ich habe die Volksschule besucht, vor der Entscheidung, was mache ich nach der Volksschule.
00:07:06.425	SPEAKER_03	Also wir hatten die neunjährige, die war in Niedersachsen eingeführt worden, die neunjährige Volkshochschule, in Nordrhein-Westfalen gab es immer noch die achtjährige.
00:07:16.115	SPEAKER_03	Wir hatten die neunjährige Volksschule und ich wollte eine kaufmännische Ausbildung absolvieren.
00:07:24.877	SPEAKER_03	Und ich habe, um mich darauf vorzubereiten, eine Handelsschule besucht.
00:07:34.129	SPEAKER_03	Komischerweise eine private Handelsschule, aus welchen Gründen, ich weiß es nicht, das weiß ich wirklich nicht mehr, weil meine Freunde wahrscheinlich auch dahin gingen.
00:07:45.338	SPEAKER_03	Und nach dieser Handelsschule habe ich eine kaufmännische Lehre absolviert, als Groß- und Außenhandelskaufmann.
00:07:55.785	SPEAKER_03	Und habe dann meine Prüfung abgelegt und dann in der Firma weitergearbeitet.
00:07:59.766	SPEAKER_03	Und vielleicht ist es ja interessant, sich mal zu vergegenwärtigen, wie Ende der 60er Jahre eigentlich die Gehälter eines ausgebildeten Kaufmanns aussahen.
00:08:09.973	SPEAKER_03	Also ich habe 330 Mark damals im Monat verdient und durfte mit niemandem, das hat mir mein Personalchef aufgetragen, mit niemandem darüber reden,
00:08:20.322	SPEAKER_03	wie viel Geld ich verdiene im Monat.
00:08:25.163	SPEAKER_03	Das fand ich natürlich letztendlich zu wenig und habe mich dann rum beworben und bin dann bei Buderus gelandet.
00:08:34.485	SPEAKER_03	Das war eine Handelsgesellschaft in Osnabrück und dann habe ich da noch weitergearbeitet.
00:08:38.446	SPEAKER_03	Und wir hatten mit zwei Freunden einen interessanten, ja was würde man heute sagen, Gesprächskreis.
00:08:47.227	SPEAKER_03	Wir waren drei Freunde, so muss man das sagen.
00:08:51.328	SPEAKER_03	Und wir haben natürlich über unsere Zukunft sehr, sehr viel geredet.
00:08:54.971	SPEAKER_03	Das war ja eine hochbewegte Zeit.
00:08:57.193	SPEAKER_02	Du wohntest dann noch zu Hause?
00:09:17.659	SPEAKER_03	Und wir haben uns immer über politische Sachen unterhalten und wir waren dann gemeinsam auch assoziierte Mitglieder bei der Jungen Union,
00:09:30.796	SPEAKER_03	weil das die einzige politische Organisation war, die es vor Ort gab.
00:09:39.010	SPEAKER_03	Gleichzeitig ließ ich mir aber auch von Radio Peking die Peking-Grundschau schicken.
00:09:44.732	SPEAKER_03	Und meine Mutter sagte, Junge, das geht mit dir nicht gut.
00:09:48.154	SPEAKER_03	Das geht mit dir nicht gut.
00:09:49.495	SPEAKER_03	Was du da alles machst, das ist mir überhaupt nicht geheuer.
00:09:55.557	SPEAKER_03	Also wir waren sehr auf der Suche und...
00:10:02.761	SPEAKER_03	Wir haben uns dann alle entschlossen, irgendwie diese kaufmännische Tätigkeit zu beenden oder was anderes zu machen, irgendwie was anderes zu machen.
00:10:17.979	SPEAKER_03	Einer von uns ist dann Lehrer geworden und ich bin Sozialpädagoge geworden und mein anderer Freund ist auch Sozialpädagoge geworden,
00:10:27.254	SPEAKER_03	was ja ganz typische Aufsteigeberufe sind für Menschen, die aus der Arbeiterschaft stammen und die irgendwie was anderes machen wollten, irgendwas anderes machen wollten.
00:10:39.770	SPEAKER_02	Das heißt, du bist vorher zur Abendschule gegangen?
00:10:43.453	SPEAKER_03	Mit meinem Freund zusammen war ich auf einer evangelischen Heimwuchshochschule.
00:10:50.399	SPEAKER_03	Also ich habe schon Kontakt zur Erwachsenenbildung da gehabt.
00:10:53.623	SPEAKER_03	Und in dieser Heimwuchshochschule wurde ich auf die Prüfung vorbereitet, die ich dann absolvieren musste, um studieren zu können.
00:11:02.370	SPEAKER_03	Und weil ich ja aus einem sehr katholischen, das kann jetzt vielleicht so chronologisch nicht alles so richtig passen, also weil ich ja aus einer sehr katholischen Ecke stammte,
00:11:17.217	SPEAKER_03	auch Kolpingbruder war, wie sich das so gehörte bei uns im Dorf, habe ich mich dann für einen Studienplatz in erster Linie bei konfessionellen Fachhochschulen beworben.
00:11:33.419	SPEAKER_03	Bei konfessionellen Fachhochschulen habe ich aber keine Chance gehabt.
00:11:37.741	SPEAKER_03	Weil?
00:11:39.003	SPEAKER_03	Ich weiß es nicht.
00:11:39.783	SPEAKER_03	Man bekommt ja keine Begründung dafür.
00:11:45.470	SPEAKER_03	Und dann hörte ich, dass staatliche Fachhochschulen für Sozialpädagogik und Sozialarbeit, Sozialwesen gegründet würden.
00:11:56.673	SPEAKER_03	Und da war Münster dabei.
00:11:58.195	SPEAKER_03	Und die Frage, warum ich in Münster gelandet bin.
00:12:00.575	SPEAKER_03	Ich bin in Münster gelandet, weil dort ein Fachbereich an der Fachhochschule neu gegründet wurde, ein Fachbereich Sozialwesen.
00:12:09.162	SPEAKER_03	Und dann habe ich mich da beworben und habe einen Studienplatz bekommen und es war herrlich.
00:12:16.625	SPEAKER_03	Es war herrlich.
00:12:20.408	SPEAKER_02	Wann war das?
00:12:21.067	SPEAKER_02	Wann bist du nach Münster gekommen? 1972.
00:12:26.504	SPEAKER_03	Und das Interessante war, dass von den damaligen Dozenten, die hießen ja noch nicht Professoren, dass die alle nicht wussten,
00:12:35.802	SPEAKER_03	was ist eigentlich ein Sozialpädagoge und Sozialarbeiter.
00:12:40.136	SPEAKER_03	Und die trafen dann auf eine Studentenschaft, die es aber auch nicht wusste.
00:12:43.841	SPEAKER_03	Ich wusste zum Beispiel, für mich war das einfach eine Möglichkeit zu studieren.
00:12:48.524	SPEAKER_03	Deswegen bin ich Sozialarbeiter oder Sozialpädagoge geworden.
00:12:52.347	SPEAKER_03	Und warum man sich als Sozialpädagoge einschrieb und nicht als Sozialarbeiter, ist mir auch völlig offen.
00:13:00.171	SPEAKER_03	Zu der Zeit jedenfalls.
00:13:01.250	SPEAKER_03	Heute ist es, glaube ich, klarer geregelt.
00:13:03.591	SPEAKER_03	Der Unterschied ist, glaube ich, klarer.
00:13:08.173	SPEAKER_03	Jedenfalls war das eine herrliche Zeit.
00:13:12.174	SPEAKER_03	Diese Zeit war deswegen so herrlich, weil sie so weil sie so unglaublich viele Freiheiten bot.
00:13:19.957	SPEAKER_03	Sie bot alle Freiheiten.
00:13:21.778	SPEAKER_03	Ich hatte das Gefühl, in meinem Leben war ich nicht wieder so frei wie zu der Zeit.
00:13:27.942	SPEAKER_03	Man hatte Angst vor gar nichts.
00:13:31.344	SPEAKER_03	Man hatte keine Sorgen, wie es nach dem Studium weitergeht.
00:13:35.206	SPEAKER_03	Ich wusste allerdings auch nicht, was kann ich überhaupt arbeiten mit diesem Abschluss, wenn ich dann so weit bin.
00:13:43.570	SPEAKER_03	Ich fand es einfach alles nur überwältigend, was ich alles erfahren konnte, was ich alles studieren konnte und bin zuerst mal,
00:13:54.025	SPEAKER_03	kann ich mich noch erinnern, das war ein Dozent, der hieß Jäger und der galt immer als ganz links und Der hat einen Werner Hofmann, das war ein Soziologe, glaube ich, aus Marburg.
00:14:09.003	SPEAKER_03	Und das war ja auch kein schrecklich Linker, aber der hatte ein Buch zur politischen Ökonomie geschrieben.
00:14:14.167	SPEAKER_03	Ich glaube, das hieß aber nicht politische Ökonomie, Wirtschaftsgesellschaft oder sowas ähnliches.
00:14:18.028	SPEAKER_03	Bei Rororo erschien, weiß ich noch genau.
00:14:21.291	SPEAKER_03	Und das fand ich damals schon total aufregend, was da alles so an kritischen Dingen drin stand, was wir vielleicht mal untereinander erzählt hatten,
00:14:29.644	SPEAKER_03	aber dass man das schwarz auf weiß liest, dass es auch stimmt, was man so selber empfindet, dass es Mist ist und dass es nicht gut ist.
00:14:38.400	SPEAKER_03	Das fand ich schon toll.
00:14:41.221	SPEAKER_03	Das war so ein erster Kontakt und wir konnten zu der Zeit irgendwie Veranstaltungen, weil der Fachbereich war ja noch nicht richtig konstituiert,
00:14:51.596	SPEAKER_03	wir konnten Veranstaltungen überall besuchen.
00:14:54.927	SPEAKER_03	Also wir konnten auch Veranstaltungen an der Uni besuchen, an der PH besuchen, das war alles möglich.
00:15:01.811	SPEAKER_03	Es gab ja auch nachher den Gesamthochschulraum Und es gab einen Gesamthochschulrat, dessen Mitglied ich auch war, aber ich glaube,
00:15:12.130	SPEAKER_03	dieser Gesamthochschulrat, der hat nie getagt, weil das Projekt wurde dann ja auch wieder abgeblasen, es wurde ja nicht weiter verfolgt.
00:15:23.044	SPEAKER_03	Aber jedenfalls, diese Zeit habe ich als sehr, sehr befreiend empfunden, als sehr offen und es war einfach eine wunderbare Zeit.
00:15:36.611	SPEAKER_03	So die Rahmenbedingungen, das war natürlich ein großes Problem zu der Zeit in Münster ein Zimmer zu bekommen.
00:15:47.527	SPEAKER_03	Wie immer in Münster, aber es war da sehr zugespitzt.
00:15:52.428	SPEAKER_03	Und ich als katholischer Student habe ich mich dann natürlich als erstes an die KHG, an die katholische Hochschulgemeinde gewandt,
00:16:03.610	SPEAKER_03	um da was zu erfahren, ob die Adressen haben, wo man ein Zimmer bekommen könnte.
00:16:10.616	SPEAKER_03	Und bei der KHG, die lag damals, ich weiß nicht, wo sie heute angesiedelt ist, Gegenüber vom Franzitzehaus, was ja auch eine bischöfliche Einrichtung ist.
00:16:20.664	SPEAKER_03	Und da habe ich eine Adresse bekommen in der Kampstraße, Kampstraße 5, und zwar bei Oma Lenfos.
00:16:27.467	SPEAKER_03	Oma Lenfos hatte ein neues Haus gebaut, das war nicht die Kampstraße 5, sondern wahrscheinlich die Kampstraße 7. Gegenüber von den Makomanen,
00:16:36.048	SPEAKER_03	das war eine Verbindung, eine juristische Verbindung, die lag gegenüber, das ist der Kreuzviertel, ne?
00:16:42.336	SPEAKER_03	Mhm.
00:16:44.287	SPEAKER_03	Und Oma Lentwas hatte neben ihrem Neubau, also diese Kampfstraße 5, das war ein Abbruchhaus und aufgrund der studentischen Wohnungsnot hat sie sich dann einfach entschlossen,
00:16:56.160	SPEAKER_03	ich vermiete die Zimmer aus.
00:17:00.183	SPEAKER_03	Ich habe dann natürlich ein Zimmer in diesem Haus bekommen.
00:17:03.705	SPEAKER_03	Ich war deutlich vor Semesterbeginn in Münster und habe mir dann einen Job gesucht.
00:17:12.448	SPEAKER_03	Und zwar habe ich dann bei...
00:17:16.905	SPEAKER_03	Dütmann, das ist in der Salzstraße, ich glaube den Laden gibt es nicht mehr, ein Schuhhaus, die hatten eine Dependance in Bielefeld und dann habe ich immer Schuhe von Münster nach Bielefeld in einem VW-Bulli gefahren,
00:17:32.122	SPEAKER_03	vor dem Semesterbeginn und wohnte in diesem Abbruchhaus alleine.
00:17:36.740	SPEAKER_02	Ach, ganz alleine?
00:17:37.720	SPEAKER_03	Zunächst einmal.
00:17:38.580	SPEAKER_02	Wie viele Etagen hatte das?
00:17:42.510	SPEAKER_03	Drei, reichlich.
00:17:45.053	SPEAKER_03	Also zehn, zwölf bestimmt.
00:17:50.298	SPEAKER_03	Und ich hatte zunächst ein schönes Zimmer und natürlich keine Dusche und so und das ist ja klar, kein warmes Wasser und so weiter und so weiter.
00:18:02.971	SPEAKER_03	Und ich hatte dann draußen im Flur hatte ich ein Regal stehen und in diesem Regal hatte ich mein Essen, mein Brot und sowas gelagert.
00:18:16.723	SPEAKER_03	Und wenn ich dann morgens frühstückte, dann wunderte ich mich immer, irgendwie war das Brot so komisch, es sah so komisch aus.
00:18:24.787	SPEAKER_03	Warum sah das komisch aus?
00:18:25.906	SPEAKER_03	Weil natürlich möglicherweise Ratten oder Mäuse da nachts dran geknabbert hatten und auch am Käse.
00:18:32.410	SPEAKER_03	Dann habe ich natürlich diese Sachen wieder reingeholt ins Zimmer und habe das dann geschützt.
00:18:39.771	SPEAKER_03	Und nach und nach zogen dann eben auch weitere Leute ein.
00:18:46.154	SPEAKER_03	Aber so als jemand, der aus...
00:18:53.436	SPEAKER_03	Der aus einfachen Verhältnissen kam, aber die natürlich immer danach strebten, alles picobello sauber zu haben und ausreichend Wohnraum zu haben,
00:19:06.515	SPEAKER_03	war natürlich die Situation, die Wohnungssituation in Münster, das hat mich dann atemlos gemacht.
00:19:15.394	SPEAKER_03	Das hat mich dann auch geärgert.
00:19:18.717	SPEAKER_03	Und dann kam so der Stürmer, kam dann in die Diskussion, was der Stürmer in Münster alles, also das ist ein Makler, was der Stürmer in Münster alles so anrichtet.
00:19:34.928	SPEAKER_03	Dann wurden auch Ideen geboren, ich weiß gar nicht, wie die genau an mich herangetragen wurden, dass man Häuser besetzen könnte.
00:19:45.058	SPEAKER_03	Und dann war eben die Frauenstraße mit dabei, dieses Haus zu besetzen.
00:19:49.884	SPEAKER_03	Und Der AStA-Vorsitzende Holzstege, Holzstege war das, der war damals der AStA-Vorsitzende.
00:19:59.413	SPEAKER_03	Friege war, glaube ich, der vor ihm und dann kam Holzstege und dann kam danach nach Holzstege kam der, so ein Dicker war das aus Ostfriesland,
00:20:06.979	SPEAKER_03	den Namen vergesse ich immer wieder, auch ein Sozialdemokrat.
00:20:11.564	SPEAKER_03	Und dann jedenfalls wurde die Idee geboren, diese Frauenstraße 24 zu besetzen und das haben wir dann auch gemacht.
00:20:22.230	SPEAKER_02	Hattest du denn noch Kontakt zu dem?
00:20:24.832	SPEAKER_03	Ich überlege jetzt gerade nicht.
00:20:25.853	SPEAKER_02	Oder in welchen Zirkeln wurde das besprochen?
00:20:28.513	SPEAKER_02	Das weiß ich jetzt auch nicht.
00:20:34.726	SPEAKER_03	Oder ob das bei uns im Haus, also bei uns wohnt ja der Burkhard Voss mit Martin Rasche.
00:20:45.430	SPEAKER_03	Martin Rasche war ja später am Burkhard Voss, war ja dann im AStA und war Sozialreferent.
00:20:50.951	SPEAKER_03	Ich weiß gar nicht mehr, wie das gelaufen ist.
00:20:53.613	SPEAKER_03	Ich weiß nur noch, wie wir in der ersten Nacht dort übernachtet haben, dass es sehr kalt war.
00:21:03.096	SPEAKER_02	Ja, das war Anfang Oktober.
00:21:04.997	SPEAKER_03	Anfang Oktober.
00:21:06.357	SPEAKER_03	Und kann es sein, dass es ein Zimmer gab, wo in der Mitte ein Loch war?
00:21:13.819	SPEAKER_03	Ich meine, dass ich mich an sowas erinnern kann.
00:21:16.339	SPEAKER_03	Jedenfalls weiß ich, dass es eben sehr kalt war und wir schliefen alle in Schlafsäcken da im Haus.
00:21:25.403	SPEAKER_03	Und ich kann mich an Margitta Döring erinnern.
00:21:30.237	SPEAKER_03	Die hat VBL studiert, Mund, Mund, Mund, Mund, Mund, Mund, Mund.
00:21:35.222	SPEAKER_03	Und Monika sagte dann, der Freund, den sie zu diesem Zeitpunkt hatte, zu der Zeit, wo das Ganze besetzt wurde, der hatte zeitgleich mit der Margitta auch ein Verhältnis.
00:21:53.468	SPEAKER_03	Und das hat sie irgendwann rausgekriegt.
00:21:55.909	SPEAKER_03	Sie studierten auch VWL in Spörl oder so ähnlich, war auch im SAB.
00:22:02.692	SPEAKER_03	Und dann hat sie natürlich dann mit dem Schluss gemacht.
00:22:05.356	SPEAKER_03	Aber die Margitta Döring, die war im SAB, die hat da mit übernachtet.
00:22:09.483	SPEAKER_03	Der Wolfram Kuschke war mit dabei.
00:22:13.926	SPEAKER_03	Ja, ich meine ja.
00:22:16.449	SPEAKER_03	Und als wir am anderen Morgen aufwachten, da hieß es also, hier die Bauarbeiter kommen mit Baggern und dann klopft es unten auch an der Tür und die wollten also in das Haus eintreten.
00:22:39.444	SPEAKER_03	Drin, nicht einbrechen.
00:22:42.528	SPEAKER_03	Wer ist jetzt der Einbrecher?
00:22:46.151	SPEAKER_03	Und es hat sich dann vor dem Gebäude eine relativ große Menschenansammlung gefunden und wir haben jedenfalls verhindert, dass das Haus wieder gekapert wurde vom Stürmer.
00:23:04.071	SPEAKER_03	Wir hatten eine große Unterstützung durch die Anwohnerschaft.
00:23:09.538	SPEAKER_03	Wir hatten abends dann eine Fete, also ein Fest veranstaltet und haben auch zu diesem Fest die Nachbarschaft eingeladen.
00:23:19.867	SPEAKER_03	Und ich meine hinten im Hof, es gibt einen Garten und da haben wir gegrillt.
00:23:27.595	SPEAKER_03	Und dann gab es Würstchen.
00:23:29.576	SPEAKER_03	Und die Nachbarschaft hat das Projekt sehr unterstützt.
00:23:34.580	SPEAKER_02	Wer war denn die Nachbarschaft?
00:23:38.203	SPEAKER_02	Das waren einerseits die Studentengemeinde?
00:23:41.507	SPEAKER_03	Ja, die katholische Studenten, die hatten da ein Studentenwohnheim.
00:23:44.689	SPEAKER_03	Aber das waren nicht die, das waren nicht, nein, nein, es wohnten ja auch ganz normale Leute da.
00:23:48.872	SPEAKER_03	Es war, meine ich, gegenüber von der Frauenstraße ein Reisebüro.
00:23:53.256	SPEAKER_03	Ja, genau.
00:23:54.876	SPEAKER_03	Ist es heute auch noch?
00:23:56.518	SPEAKER_03	Früher gab es das jedenfalls.
00:23:59.894	SPEAKER_03	Nein, das waren ganz normale Bewohner Münsters, würde ich einfach mal sagen.
00:24:05.638	SPEAKER_03	Also ich würde nicht sagen, dass alles im Milieu blieb, sondern dass es über das studentische Milieu hinausreichte und wir da unterstützt wurden.
00:24:19.686	SPEAKER_02	Und die kamen dann und dann...
00:24:22.040	SPEAKER_02	Haben das auch eine positive Rückmeldung gegeben?
00:24:24.646	SPEAKER_03	Ja, und dann kamen wir ja zusammen ins Gespräch und dann fanden die natürlich, Wer findet es toll, wenn ein Immobilienfritze kommt und ein Haus weiter demoliert?
00:24:40.542	SPEAKER_03	Und das hat ja der Stürmer versucht, das Haus weiter zu demolieren.
00:24:47.189	SPEAKER_03	Das findet keiner gut.
00:24:48.549	SPEAKER_03	Und natürlich wussten alle, dass Studenten händeringend nach Zimmern suchten.
00:24:56.186	SPEAKER_03	Ja, und wie kann es sein, dass da jemand was demoliert, was aber noch nutzbar ist?
00:25:01.108	SPEAKER_03	Das habe ich doch auch nicht verstanden.
00:25:03.568	SPEAKER_03	Und also das ging so, also die Haltung, die ich in der Kirche mitbekommen habe, dass sowas nicht richtig ist, die war dann auch kompatibel mit linken Ansichten.
00:25:19.914	SPEAKER_03	Total, das ist überhaupt kein Widerspruch.
00:25:22.657	SPEAKER_03	Also, liebe deinen Nächsten wie dich selbst, da kann man lange darüber diskutieren, ob der Satz richtig ist oder nicht, aber jedenfalls fanden wir das alle empörend.
00:25:37.818	SPEAKER_03	Und das empört jeden, der so aufgewachsen ist wie ich.
00:25:42.201	SPEAKER_03	Und viele, die sich dann später politisch engagiert haben, kamen ja aus irgendeinem evangelischen oder katholischen Milieu.
00:25:51.443	SPEAKER_03	Das waren ja nicht wenige, das waren ja eine Menge.
00:25:54.125	SPEAKER_03	Also da gibt es schon viele Berührungszeiten.
00:26:01.542	SPEAKER_03	Durch die dort anwesenden Münsteraner Bevölkerung.
00:26:11.329	SPEAKER_02	Und wie lange hast du dann da übernachtet?
00:26:13.490	SPEAKER_02	Erzähl doch mal, wie wurde das verabredet, dass man jetzt in die Frauenstraße reinging, das Haus besetzte, das war ja tagsüber,
00:26:22.816	SPEAKER_02	oder?
00:26:23.277	SPEAKER_03	Das weiß ich nicht mehr.
00:26:24.980	SPEAKER_03	Ich weiß auch nicht mehr genau, wie ich da reingekommen bin.
00:26:27.103	SPEAKER_03	Ich weiß wohl noch, dass ich dann, nachdem morgens die Bauarbeiter da aufgekreuzt sind, dass ich dann durch die Veranstaltung bei uns am Fachbereich gegangen bin und nochmal mobilisiert habe.
00:26:41.491	SPEAKER_03	Man soll zu der Fraunstraße kommen, man soll Potenzial bilden, damit das Haus geschützt wird.
00:26:51.558	SPEAKER_03	Also daran kann ich mich noch gut erinnern.
00:26:54.384	SPEAKER_02	Aber wie wir jetzt genau dazu gekommen sind, Und du hast dann die eine Nacht da übernachtet?
00:27:01.760	SPEAKER_03	Vielleicht auch eine zweite, eine dritte.
00:27:04.663	SPEAKER_02	Also im Grunde die ersten Tage?
00:27:06.304	SPEAKER_03	Ja, die ersten Tage.
00:27:08.965	SPEAKER_03	Damit das Ganze abgesichert wird.
00:27:11.428	SPEAKER_03	Und es zeigte sich ja dann, dass der Stürmer sich zurückzog.
00:27:20.555	SPEAKER_03	Die Polizei, kann ich mich nicht erinnern, dass die da eingegriffen hätte.
00:27:24.857	SPEAKER_03	Und ich kann mich auch nicht erinnern, dass die an dem Tag da war, als die Bauarbeiter ins Haus eindringen wollten.
00:27:35.323	SPEAKER_03	Kann ich mich nicht erinnern.
00:27:37.282	SPEAKER_03	Also dass da Polizeiansätze gelaufen wären, was ja heute auch häufig der Fall ist.
00:27:42.164	SPEAKER_03	Wenn du das in Berlin liest oder so, wenn da Friedrichshain irgendwie ein Haus besetzt wird, dann ist ja sofort Polizei mit dabei.
00:27:49.386	SPEAKER_02	Ja, das war ja auch für Münster, glaube ich, selber eine neue Situation, die man so nicht kannte.
00:27:55.910	SPEAKER_02	Also es hatte...
00:27:57.573	SPEAKER_02	Bis dato nicht viel an Hausbesetzungen gegeben.
00:28:00.673	SPEAKER_03	Es hat parallel noch eine weitere Besetzung gegeben.
00:28:03.913	SPEAKER_02	Ich meine im Erfurtviertel.
00:28:08.855	SPEAKER_02	Es hat noch mal was parallel dazu gegeben.
00:28:12.076	SPEAKER_03	Und das gehörte auch Stürmer.
00:28:13.496	SPEAKER_03	Das muss da aber geräumt werden.
00:28:17.477	SPEAKER_03	Das konnten wir nicht halten.
00:28:23.592	SPEAKER_03	Ja, aber wie bin ich dazu gekommen?
00:28:26.054	SPEAKER_03	Das ist eine gute Frage.
00:28:31.317	SPEAKER_03	Auf jeden Fall war ich empört.
00:28:34.500	SPEAKER_02	Ja, manche Dinge sind dann ja auch spontan, dass sich so etwas dann rumspricht und man im Grunde genommen mit den Freiheiten,
00:28:44.435	SPEAKER_02	die man als Studierender hat, dann auch wahrnimmt.
00:28:48.529	SPEAKER_02	Und wie ging es dann weiter mit der Frauenstraße?
00:28:51.352	SPEAKER_02	Hast du dann da weiter Kontakt gehalten?
00:28:54.001	SPEAKER_02	Hast du die Entwicklung mitbekommen?
00:28:55.444	SPEAKER_02	Letztendlich ging es ja über einen längeren Zeitraum, neun Jahre, bis das Haus dann gerettet wurde.
00:29:00.472	SPEAKER_02	Was hast du noch weiter mitbekommen an Aktionen, auch in der Frauenstraße?
00:29:05.786	SPEAKER_03	Am Rande.
00:29:07.747	SPEAKER_03	Also ich war nicht mehr die Besetzung.
00:29:11.390	SPEAKER_03	Die Besetzung, genau.
00:29:12.509	SPEAKER_03	Die Geschichte selber.
00:29:13.730	SPEAKER_03	Und damals wurde ich, also das kann man wirklich sagen, da wurde ich, es ist ja nicht ein Knall, aber es war ein wichtiger Mosaikstein zur Politisierung.
00:29:26.679	SPEAKER_03	Also ich bin danach...
00:29:30.762	SPEAKER_03	Haben wir bei uns am Fachbereich den SAB gegründet.
00:29:34.744	SPEAKER_03	Und dann war ich ja auch im AStA der Fachhochschule und war AStA-Vorsitzender.
00:29:42.446	SPEAKER_03	Der hieß damals noch ASTRA, das war eine linksradikale Erbschaft.
00:29:50.309	SPEAKER_03	Allgemeiner Studentenrat.
00:29:55.560	SPEAKER_03	Das sind ja so bestimmte Leute, die damals den AStA gestellt, vor meiner Zeit den AStA gestellt haben.
00:30:02.464	SPEAKER_03	Das waren ja Leusch, der war später bei den Grünen sehr aktiv und spielte auch eine große Rolle.
00:30:09.588	SPEAKER_03	Clemens Bruns zum Beispiel.
00:30:12.069	SPEAKER_03	Sagt dir nichts?
00:30:12.609	SPEAKER_02	Nee, sagt mir nichts.
00:30:18.855	SPEAKER_03	Leuschner, Leuschner, so ähnlich jedenfalls.
00:30:22.518	SPEAKER_03	Also der war auch dann bei den Grünen.
00:30:24.459	SPEAKER_03	Das waren vorher, aus unserer Sicht, waren das ja dann immer Chaoten gewesen.
00:30:29.320	SPEAKER_03	Also jedenfalls hat mich diese Sache da sehr politisiert.
00:30:33.742	SPEAKER_03	Aber ich habe mich dann nicht mehr weiter engagiert.
00:30:36.483	SPEAKER_02	Das heißt, von weiteren Aktionen, Demonstrationen und so weiter hast du...
00:30:44.413	SPEAKER_03	Und bin wahrscheinlich mitgelaufen und ich unterstelle mal, dass der Asser der Fachhochschule die ganze Sache immer unterstützt hat.
00:30:58.506	SPEAKER_02	Ja, das weiß ich von anderen Menschen.
00:31:00.559	SPEAKER_02	Aus Interviews auch, dass sie das so gesagt haben.
00:31:04.702	SPEAKER_02	Es wurde dann ja auch die Kneipe unten eingerichtet.
00:31:08.164	SPEAKER_02	Hattest du da einen Bezug zur Kneipe?
00:31:10.326	SPEAKER_02	Nein.
00:31:11.107	SPEAKER_02	Da warst du auch nicht?
00:31:12.729	SPEAKER_03	Ja, natürlich war ich in der Kneipe, aber ich hatte keinen... Ich weiß gar nicht mehr, ob ich jemanden kannte, der da gewohnt hat.
00:31:23.415	SPEAKER_03	Ich glaube, da ist der Kontakt einfach abgerissen.
00:31:27.199	SPEAKER_03	Mhm.
00:31:29.642	SPEAKER_03	Da war nicht mehr viel.
00:31:30.583	SPEAKER_02	Aber die Kneipe spielte ja schon auch eine Kommunikationsrolle, ne?
00:31:33.864	SPEAKER_03	Ja, ja, natürlich.
00:31:34.664	SPEAKER_03	Da haben sich ja auch Gruppen getroffen und es gab Veranstaltungen.
00:31:40.008	SPEAKER_03	Nach Sitzungen ging man da hin.
00:31:44.269	SPEAKER_03	Und das waren ja auch einige von uns.
00:31:47.551	SPEAKER_03	Der Gippert war ja auch mit dabei, meine Zeit lang.
00:31:51.493	SPEAKER_03	Dieser Mediziner, ne?
00:31:54.535	SPEAKER_03	Rüdiger, glaube ich, heißt der.
00:31:56.737	SPEAKER_01	Ja, ja, ja.
00:32:01.550	SPEAKER_03	Aber ich habe mich da nicht mehr engagiert ich habe nur noch mal von Achim zu irgendeinem Geburtstag oder aus irgendeinem Anlass eine Tuschezeichnung von der Frauenstraße und bezogen auf die Kulturveranstaltung hast du da was mitbekommen es gab ja immer den heißen Freitag und es gab ja auch eine ganze Reihe Solidaritätsveranstaltungen da unten Also ich kann mich da an Fäden erinnern,
00:32:36.097	SPEAKER_03	die da stattgefunden haben.
00:32:38.644	SPEAKER_03	Aber ich kann jetzt nicht irgendwie eine Veranstaltung ganz besonders herausnehmen.
00:32:44.669	SPEAKER_03	Die Frauenstraße war natürlich eine wichtige und wesentliche Adresse da.
00:32:50.013	SPEAKER_03	Es ist ja klar, da zog sich ein bestimmtes Milieu zusammen.
00:32:57.208	SPEAKER_03	Nutze das als eigenen Veranstaltungsraum.
00:33:01.270	SPEAKER_03	Und Feten waren da eben auch.
00:33:02.991	SPEAKER_02	Ja, Feten waren da auch.
00:33:04.311	SPEAKER_02	Das stimmt.
00:33:08.095	SPEAKER_02	Du sagst es gerade, dass die Frauenstraße für dich so ein Punkt war, dich zu politisieren.
00:33:15.999	SPEAKER_02	Also ein Baustein oder ein Mosaik, was dich letztendlich dazu gebracht hat.
00:33:23.703	SPEAKER_02	Was verbindest du heute mit der Frauenstraße 24?
00:33:31.958	SPEAKER_03	Also es gibt ja wieder Wohnungsnot.
00:33:34.798	SPEAKER_03	Es ist ja nicht aus der Welt.
00:33:40.820	SPEAKER_03	Und dass man durch eine kluge Strategie es erreichen kann, dass man große Teile der Bevölkerung auch für Hausbesetzungen gewinnen kann.
00:34:01.096	SPEAKER_03	Also das ist, ich glaube, das wäre heute, es leiden so viele Menschen unter Wohnungsnot.
00:34:11.625	SPEAKER_03	Wenn ich aber Polizisten zum Beispiel nur als Feinde sehe oder ich den Feindbegriff so sehr stark ausweite, dann komme ich,
00:34:23.972	SPEAKER_03	glaube ich, nicht weiter, sondern es geht eher darum, das große Bündnis zu knüpfen.
00:34:32.445	SPEAKER_03	Und zwar von denen, die betroffen sind und dass die befähigt werden, sich zu wehren.
00:34:39.072	SPEAKER_03	Also es lohnt sich, sich zu wehren.
00:34:41.936	SPEAKER_03	Das ist das Ergebnis der Frauenstraße.
00:34:44.699	SPEAKER_03	Wer sich nicht wehrt, lebt verkehrt.
00:34:46.460	SPEAKER_03	Das ist...
00:34:49.684	SPEAKER_03	Das war auch so ein Spruch aus der Zeit.
00:34:53.168	SPEAKER_03	Und ich glaube einfach, das ist die wichtigste Quintessenz, dass die Frauenstraße ein ein Symbol ist, dass es sich lohnt und dass es sich lohnt und dass nicht der Bürger,
00:35:11.436	SPEAKER_03	der gut situiert vielleicht in einer Wohnung wohnt, dass der nicht auch für Aktion gegen die Wohnungsnot, dass der da nicht für gewonnen werden kann.
00:35:27.574	SPEAKER_03	Sondern ich glaube, da gibt es immer eine hohe Bereitschaft.
00:35:30.655	SPEAKER_03	Nur man muss sie richtig ansprechen.
00:35:32.856	SPEAKER_03	Und das ist uns, glaube ich, bei der Frauenstraße gelungen.
00:35:35.958	SPEAKER_03	Wenn der Bischof sogar eine Spende ausgibt, tätigt.
00:35:44.282	SPEAKER_03	Also das macht er auch nur deswegen, weil es einfach eine große Bewegung ist.
00:35:51.586	SPEAKER_02	Genau.
00:35:52.646	SPEAKER_02	Was würdest du denn so sagen, was waren insgesamt so Erfolgsfaktoren, dass die Frauenstraße dann auch letztendlich bestehen blieb?
00:36:04.170	SPEAKER_02	Du sagtest gerade, dass es ein breites Bündnis ist, also dass man jetzt nicht nur in seinem Milieu bleibt, sondern darüber hinausgeht.
00:36:11.474	SPEAKER_02	Richtig, ja.
00:36:15.367	SPEAKER_02	Gibt es noch andere Faktoren?
00:36:17.309	SPEAKER_03	Also ich glaube, die Großwetterlage war natürlich in den 70er Jahren eine andere als heute.
00:36:25.916	SPEAKER_03	Die politische Großwetterlage.
00:36:30.880	SPEAKER_03	Ich weiß noch sehr gut, wie Willy Brandt die Wahlen gewonnen hat und wir in der Kampfstraße dieses Wahlergebnis feierten.
00:36:42.967	SPEAKER_03	Und der wohnte mit Burkhardt in einem Zimmer, die schlief sogar, glaube ich, in einem Bett.
00:36:49.570	SPEAKER_03	Und der Rasche, das war ein Apothekersohn, der sagte immer, ich bin ein Liberaler.
00:36:57.114	SPEAKER_03	Aber mit dem und eben bei uns im Haus in der Kampfstadt, wir haben natürlich ausgelassen dieses Wahlergebnis gefeiert.
00:37:06.490	SPEAKER_03	Und gegenüber die Makomanen hatten natürlich überhaupt keinen Grund zu feiern und waren ganz neugierig, warum wir da so einen Terz veranstalteten und kamen dann auch rüber und wollten mit uns Kontakte knüpfen.
00:37:23.661	SPEAKER_03	Das war eine andere politische Großwelt.
00:37:25.722	SPEAKER_02	War das eine schlagende Verbindung?
00:37:26.943	SPEAKER_03	Ich glaube nicht, ne, fragentragend.
00:37:28.905	SPEAKER_XX	Ähm...
00:37:32.208	SPEAKER_03	Ich glaube, die Großwetterlage ist heute eine andere.
00:37:39.692	SPEAKER_03	Die Menschen sind nicht mehr so, sie sind viel misstrauischer.
00:37:44.452	SPEAKER_03	Also ich glaube, die Großwetterlage, die politische Großwetterlage hat damals einen wichtigen... War mal aufbauen.
00:37:49.175	SPEAKER_03	Ja, ja, genau.
00:37:50.775	SPEAKER_03	Richtig.
00:37:51.255	SPEAKER_03	Und das ist heute schwieriger.
00:37:53.275	SPEAKER_02	Ich fand auch immer, dass wir sehr kreative Aktionen gemacht haben, die wir so in die Stadt hineingetragen haben.
00:38:00.117	SPEAKER_02	Ich weiß nicht, ob du dich daran erinnerst, dass wir ja beim Karnevalsumzug mitgelaufen sind.
00:38:07.360	SPEAKER_02	Es gab ja auch so eine Kreativgruppe von der Fachhochschule, die durchaus schöne Transparente gemalt haben oder auch Sachen gebaut haben,
00:38:21.568	SPEAKER_02	die man dann durch die Stadt getragen hat.
00:38:26.407	SPEAKER_02	Das heißt, ich den Meet High zum Beispiel, solche Dinge, wo ich glaube, dass da auch nochmal ein Faktor dabei eine Rolle spielte,
00:38:36.125	SPEAKER_02	der die Leute auf eine andere Art angesprochen hat.
00:38:40.081	SPEAKER_02	Nicht nur mit Information, sondern auch nochmal anders.
00:38:44.670	SPEAKER_03	Also ich glaube, das ist ja das, was du eben gesagt hast, dass man über das eigene Milieu hinaus versucht, Kontakte zu knüpfen.
00:38:54.153	SPEAKER_03	Und das ist natürlich das Geheimnis gewesen der Frauenstraße.
00:38:59.376	SPEAKER_03	Also das...
00:39:03.336	SPEAKER_03	Arbeiter aus Bottrop dann mit einem Kohlenlastdruck kamen und Kohlen da angeliefert haben.
00:39:10.639	SPEAKER_03	Gut, das war jetzt ein Milieu, das war natürlich zu der Zeit dieses linke Milieu, da blieb man natürlich.
00:39:16.199	SPEAKER_03	Aber es waren zumindest Arbeiter aus Bottrop.
00:39:19.880	SPEAKER_03	Das waren keine Studenten.
00:39:23.262	SPEAKER_03	Das waren Arbeiter.
00:39:25.943	SPEAKER_03	Oder ich meine, dass auch der DGB...
00:39:30.123	SPEAKER_03	Wo ja heute auch ganz viele Ressentiments da sind, die Gewerkschaften haben ja längst nicht mehr die Rolle wie zu unserer Zeit,
00:39:37.963	SPEAKER_03	dass der DGB-Wildemann war das, glaube ich, zu der Zeit, der DGB-Vorsitzende, dass der das unterstützt hat.
00:39:44.670	SPEAKER_03	Oder gut, die SPD war damals, ist heute auch noch natürlich in der Opposition in Münster, aber dass die SPD das unterstützt hat.
00:39:55.655	SPEAKER_03	Und es gab ja den Landtagsabgeordneten Küchenhoff, der das natürlich unterstützt hat, der ja oft Dinge, die im AStA formuliert wurden,
00:40:04.235	SPEAKER_03	als Anfrage, der das dann mitgenommen hat nach Düsseldorf und hat diese Anfragen im Landtag gestellt.
00:40:12.186	SPEAKER_02	Da gab es ganz gute Netze von Leuten, die eigentlich in der Hochschule auch schon politisiert waren, die mittlerweile in der Kommunalpolitik waren.
00:40:20.726	SPEAKER_02	Jetzt bei der SPD, mit denen man im Grunde genommen dann bestimmte Sachen auch beschleunigen konnte oder Fragen stellen konnte dann auf Landesebene oder in der Kommunalpolitik.
00:40:33.556	SPEAKER_03	War nicht der, der später im Bundestag, es gab ja einen Walkenhorst, das war ein linker sozialdemokratischer Bundestagsabgeordneter aus Münster.
00:40:47.204	SPEAKER_03	Und der ist dann beerbt worden von Kartenhusen, Wolf Michael Kartenhusen.
00:40:51.686	SPEAKER_03	Genau, Historiker.
00:40:53.047	SPEAKER_03	Genau, und Wolf Michael Kartenhusen war ja zum Beispiel zu unserer Zeit wie der Schäfer, der später der Chef des Landschaftsverbandes war.
00:41:04.032	SPEAKER_03	Das waren ja alles Stamokap, waren ja Stamokap-Leute.
00:41:08.954	SPEAKER_03	Übrigens, der dann Vorstand bei, nicht Aral, bei Schell, Mein Gott, der hat Sevisos überall geschrieben.
00:41:26.791	SPEAKER_03	Also das waren alles Stamokap.
00:41:28.391	SPEAKER_03	Münster hatte Stamokap-Jusos.
00:41:30.815	SPEAKER_03	Das heißt, die waren für die große Aktionsanleitung, das große Bündnis muss man knüpfen.
00:41:35.184	SPEAKER_02	Naja, das Thema der gewerkschaftlichen Orientierung war ja damals genau das große Bündnis.
00:41:40.487	SPEAKER_03	Ja, und die sind ja alle dann irgendwie, haben die sich ja verändert.
00:41:47.632	SPEAKER_03	Kartenhusen, weiß ich gar nicht, was aus dem geworden ist, aber der ist ja tot.
00:41:51.713	SPEAKER_03	Ja, das ist jetzt anders.
00:41:56.527	SPEAKER_02	Ja, also die Erfolgsfaktoren, ich glaube, dass an der Stelle auch die Offenheit des Hauses eine Rolle spielte.
00:42:06.871	SPEAKER_02	Wir haben uns ja nicht verbarrikadiert in dem Sinne, sondern wir haben ja Tage der offenen Tür gemacht und die Leute eingeladen.
00:42:13.235	SPEAKER_03	Ja, das war ja praktisch am Tag nach der Hausbesetzung wurden die Leute ja eingeladen, abends.
00:42:19.717	SPEAKER_03	Und ja natürlich, diese Offenheit und...
00:42:27.213	SPEAKER_03	Diese Bereitschaft, sich mit den ganz normalen Leuten auseinanderzusetzen.
00:42:31.336	SPEAKER_03	Aber ich meine, was war ich denn?
00:42:35.338	SPEAKER_03	Ich war auch ein ganz normaler, ich war ja kein Intellektueller.
00:42:39.360	SPEAKER_03	Ich war ja kein Intellektueller.
00:42:42.163	SPEAKER_03	Vor allen Dingen nicht zu der Zeit.
00:42:43.403	SPEAKER_02	Naja, du warst schon an der Hochfachhochschule.
00:42:51.324	SPEAKER_03	Ich war kaufmännischer Angestellter gewesen und war dann in die Fachhochschule reingerutscht über diesen Weg.
00:43:00.572	SPEAKER_03	Aber ich gehörte ja eigentlich, also es ist ja nur so eine Zwitterposition, also man war noch nicht...
00:43:07.436	SPEAKER_03	Richtig Student und man war auf der anderen Seite, habe ich ja mein Milieu nicht irgendwie am Kleiderhaken abgehängt, sondern das war ich ja.
00:43:18.065	SPEAKER_03	Also ich hatte auch keine großen Probleme mit Leuten ganz normal.
00:43:22.306	SPEAKER_03	Das war mal.
00:43:28.813	SPEAKER_02	Ja, mit den Münsteranern da umzugehen.
00:43:30.655	SPEAKER_03	Ja, das war doch nicht irgendwie... Die waren nicht vom anderen Stern.
00:43:37.217	SPEAKER_03	So ist es.
00:43:38.998	SPEAKER_03	Und ich weiß gar nicht, wie viele Leute... Ich meine, Achim hat auch damit übernachtet.
00:43:45.121	SPEAKER_03	Und Achim war ja Münsteraner.
00:43:48.402	SPEAKER_03	Ur-Münsteraner.
00:43:49.443	SPEAKER_03	Ist ja ein Urgewächs.
00:43:54.534	SPEAKER_03	Ich glaube, das ist nochmal gut auf den Punkt.
00:44:00.336	SPEAKER_03	Wir waren keine Bürgerschrecks.
00:44:04.277	SPEAKER_03	Wir haben keinen erschreckt.
00:44:06.217	SPEAKER_03	Also das heißt nicht, dass man brav war.
00:44:08.518	SPEAKER_03	Es ging nicht ums Bravsein.
00:44:10.719	SPEAKER_03	Aber es ging irgendwie auch darum, dass man das, was um einen herum war, auch ernst genommen hat.
00:44:20.530	SPEAKER_03	Und nicht abgelehnt, abgeschrieben, abgewertet.
00:44:28.072	SPEAKER_03	Nicht abgewertet.
00:44:30.192	SPEAKER_03	Und ich glaube, das ist auch von der Frauenstraße ein großes Erfolgsgeheimnis.
00:44:36.253	SPEAKER_03	Dass ja auch kaum noch einer wagt, dieses Projekt irgendwie infrage zu stellen.
00:44:42.375	SPEAKER_03	Und ich kann mich überhaupt nicht erinnern, dass außer Stürmer Und natürlich hinter vorgehaltener Hand andere Immobilien fritzen.
00:44:51.873	SPEAKER_03	Dass offiziell irgendeiner die Frauenstraße mal infrage gestellt hätte, kann ich mich nicht daran erinnern.
00:44:58.936	SPEAKER_03	Auch nicht bei der Besetzung.
00:45:00.775	SPEAKER_03	Man muss sich das mal vorstellen, das ist besetzt worden.
00:45:06.057	SPEAKER_02	Ja, es gab ja sogar Unterstützer aus der Polizei.
00:45:11.476	SPEAKER_03	Ja, der, nee, nicht der Präsident, doch der spätere.
00:45:16.458	SPEAKER_02	Der Polizeipräsident war auch sehr kooperativ, muss man sagen.
00:45:21.840	SPEAKER_03	Das war doch mal ein grüner Polizeipräsident, ja klar, in Münster.
00:45:27.521	SPEAKER_03	Das war doch der erste grüne Polizeipräsident.
00:45:29.782	SPEAKER_02	Aber das war später, ne?
00:45:31.043	SPEAKER_02	Ja, klar, das war später.
00:45:33.623	SPEAKER_03	Die Grünen gab es ja noch gar nicht.
00:45:35.083	SPEAKER_02	Nee, die gab es ja noch nicht.
00:45:37.974	SPEAKER_03	Nein, nein, nein, die gab es nicht.
00:45:42.657	SPEAKER_02	Bei der Besetzung gab es sie nicht?
00:45:44.820	SPEAKER_03	Nein, nein, nein, da gab es sie nicht.
00:45:46.280	SPEAKER_03	Es gab sie allenfalls in den Köpfen von Leuten, aber nicht wirklich.
00:45:49.822	SPEAKER_03	Es gab damals die K-Gruppen, aus denen sich ja dann die Grünen gespeist haben.
00:45:55.547	SPEAKER_02	Du sagtest gerade, das hat dich politisiert.
00:45:59.346	SPEAKER_02	Wie bewertest du denn diese Erfahrung mit der Hausbesetzung und mit der Frauenstraße so für deinen weiteren Lebensweg?
00:46:06.929	SPEAKER_02	Hatte das eine Bedeutung?
00:46:12.431	SPEAKER_02	War das eine Lehre, die du an anderer Stelle für dich auch nochmal wieder angewandt hast oder gab es da keine weiteren Bezüge zu?
00:46:26.315	SPEAKER_03	Also Wenn man über einen zweiten Bildungsweg ans Studieren kommt, dann ist das ja zunächst einmal ein ganz praktischer Zugang zum Studium.
00:46:49.541	SPEAKER_03	Und diese Erfahrung, die hat zum Beispiel bei mir dazu geführt, dass ich mich, man kriegt natürlich Impulse, Gespräche, man lernt Leute kennen,
00:46:59.479	SPEAKER_03	zum Beispiel mit der Wohnungsfrage überhaupt mal auseinanderzusetzen.
00:47:05.697	SPEAKER_03	Dass das überhaupt kein neues Phänomen ist, die Wohnungsfrage, sondern dass es natürlich was zu tun hat mit unserem System,
00:47:14.027	SPEAKER_03	in dem wir leben.
00:47:15.286	SPEAKER_03	Diese Wohnungsfrage ist integraler Bestandteil dieses Systems.
00:47:21.630	SPEAKER_03	Und ich glaube einfach, dass diese Erfahrung mein ganzes Studium beeinflusst hatte.
00:47:33.003	SPEAKER_03	Also nochmal, mich noch viel, viel stärker mit der Politik zu beschäftigen.
00:47:38.246	SPEAKER_03	Es gab zu der Zeit ein gesellschaftswissenschaftliches Grundstudium.
00:47:49.610	SPEAKER_03	Da habe ich mich dann reingekniet.
00:47:51.231	SPEAKER_03	Politische Ökonomie habe ich gemacht, das wollte ich genauer wissen.
00:47:56.434	SPEAKER_03	Und das hat alles was letztendlich mit dieser Erfahrung zu tun hat.
00:48:02.367	SPEAKER_03	Das ist nicht eine Frage von gutem Wein.
00:48:06.856	SPEAKER_03	Ja, trinkst du ein Wein, ein kleines Gläschen mit?
00:48:09.302	SPEAKER_03	Ein kleines.
00:48:09.742	SPEAKER_XX	Und pünktlich.
